<?xml version="1.0" encoding="utf-8"?>
<ManagedExtension xmlns:xsi="http://www.w3.org/2001/XMLSchema-instance" xmlns:xsd="http://www.w3.org/2001/XMLSchema" Name="MetaExtension">
  <Version>1.0</Version>
  <Priority>0</Priority>
  <Description>Meta extension</Description>
  <Author>BlogEngine.net</Author>
  <AdminPage />
  <Enabled>true</Enabled>
  <Settings>
    <Index>0</Index>
    <Name>BeCommentFilters</Name>
    <Help />
    <Delimiter>44</Delimiter>
    <Parameters>
      <Name>ID</Name>
      <Label>ID</Label>
      <MaxLength>20</MaxLength>
      <Required>true</Required>
      <KeyField>true</KeyField>
      <ParamType>Integer</ParamType>
      <SelectedValue />
    </Parameters>
    <Parameters>
      <Name>Action</Name>
      <Label>Action</Label>
      <MaxLength>100</MaxLength>
      <Required>false</Required>
      <KeyField>false</KeyField>
      <ParamType>String</ParamType>
      <SelectedValue />
    </Parameters>
    <Parameters>
      <Name>Subject</Name>
      <Label>Subject</Label>
      <MaxLength>100</MaxLength>
      <Required>false</Required>
      <KeyField>false</KeyField>
      <ParamType>String</ParamType>
      <SelectedValue />
    </Parameters>
    <Parameters>
      <Name>Operator</Name>
      <Label>Operator</Label>
      <MaxLength>100</MaxLength>
      <Required>false</Required>
      <KeyField>false</KeyField>
      <ParamType>String</ParamType>
      <SelectedValue />
    </Parameters>
    <Parameters>
      <Name>Filter</Name>
      <Label>Filter</Label>
      <MaxLength>100</MaxLength>
      <Required>false</Required>
      <KeyField>false</KeyField>
      <ParamType>String</ParamType>
      <SelectedValue />
    </Parameters>
    <KeyField>ID</KeyField>
    <IsScalar>false</IsScalar>
    <Hidden>false</Hidden>
    <ShowAdd>true</ShowAdd>
    <ShowEdit>true</ShowEdit>
    <ShowDelete>true</ShowDelete>
  </Settings>
  <Settings>
    <Index>1</Index>
    <Name>BeCustomFilters</Name>
    <Help />
    <Delimiter>44</Delimiter>
    <Parameters>
      <Name>FullName</Name>
      <Label>Name</Label>
      <MaxLength>100</MaxLength>
      <Required>true</Required>
      <KeyField>true</KeyField>
      <Values>TypePadFilter</Values>
      <Values>StopForumSpam</Values>
      <Values>AkismetFilter</Values>
      <ParamType>String</ParamType>
      <SelectedValue />
    </Parameters>
    <Parameters>
      <Name>Name</Name>
      <Label>Name</Label>
      <MaxLength>100</MaxLength>
      <Required>false</Required>
      <KeyField>false</KeyField>
      <Values>TypePadFilter</Values>
      <Values>StopForumSpam</Values>
      <Values>AkismetFilter</Values>
      <ParamType>String</ParamType>
      <SelectedValue />
    </Parameters>
    <Parameters>
      <Name>Checked</Name>
      <Label>Checked</Label>
      <MaxLength>100</MaxLength>
      <Required>false</Required>
      <KeyField>false</KeyField>
      <Values>0</Values>
      <Values>0</Values>
      <Values>0</Values>
      <ParamType>String</ParamType>
      <SelectedValue />
    </Parameters>
    <Parameters>
      <Name>Cought</Name>
      <Label>Cought</Label>
      <MaxLength>100</MaxLength>
      <Required>false</Required>
      <KeyField>false</KeyField>
      <Values>0</Values>
      <Values>0</Values>
      <Values>0</Values>
      <ParamType>String</ParamType>
      <SelectedValue />
    </Parameters>
    <Parameters>
      <Name>Reported</Name>
      <Label>Reported</Label>
      <MaxLength>100</MaxLength>
      <Required>false</Required>
      <KeyField>false</KeyField>
      <Values>0</Values>
      <Values>0</Values>
      <Values>0</Values>
      <ParamType>String</ParamType>
      <SelectedValue />
    </Parameters>
    <Parameters>
      <Name>Priority</Name>
      <Label>Priority</Label>
      <MaxLength>100</MaxLength>
      <Required>false</Required>
      <KeyField>false</KeyField>
      <Values>1</Values>
      <Values>2</Values>
      <Values>3</Values>
      <ParamType>String</ParamType>
      <SelectedValue />
    </Parameters>
    <KeyField>FullName</KeyField>
    <IsScalar>false</IsScalar>
    <Hidden>false</Hidden>
    <ShowAdd>true</ShowAdd>
    <ShowEdit>true</ShowEdit>
    <ShowDelete>true</ShowDelete>
  </Settings>
  <ShowSettings>true</ShowSettings>
</ManagedExtension>